BEGIN TRANSACTION;
SET CONSTRAINTS ALL DEFERRED;
CREATE TABLE "schema_migrations" ("version" varchar(255) NOT NULL);
INSERT INTO "schema_migrations" VALUES('20120804014128');
INSERT INTO "schema_migrations" VALUES('20120804171652');
INSERT INTO "schema_migrations" VALUES('20120804171837');
INSERT INTO "schema_migrations" VALUES('20120804172555');
INSERT INTO "schema_migrations" VALUES('20120804173036');
INSERT INTO "schema_migrations" VALUES('20120804190000');
INSERT INTO "schema_migrations" VALUES('20120805193000');
INSERT INTO "schema_migrations" VALUES('20120807202000');
INSERT INTO "schema_migrations" VALUES('20120808124251');
CREATE TABLE "customers" ("id" SERIAL PRIMARY KEY NOT NULL, "userid" varchar(255), "firstname" varchar(255), "lastname" varchar(255), "email" varchar(255), "created_at" timestamp, "updated_at" timestamp);
INSERT INTO "customers" VALUES(44,'29878002980601','Alan','Vonloh',NULL,'2012-08-05 01:54:26','2012-08-05 01:54:26');
INSERT INTO "customers" VALUES(45,'29878002981047','Annie','Maloney',NULL,'2012-08-05 01:54:26','2012-08-05 01:54:26');
INSERT INTO "customers" VALUES(46,'29878003356439','Brady','Phillips',NULL,'2012-08-05 01:54:26','2012-08-05 01:54:26');
INSERT INTO "customers" VALUES(47,'29878001666052','John','Hoerig',NULL,'2012-08-05 01:54:27','2012-08-05 01:54:27');
INSERT INTO "customers" VALUES(48,'29878003180391','John','Laskowski',NULL,'2012-08-05 01:54:27','2012-08-05 01:54:27');
INSERT INTO "customers" VALUES(49,'29878003550544','Karen','Coppersmith',NULL,'2012-08-05 01:54:27','2012-08-05 01:54:27');
INSERT INTO "customers" VALUES(50,'0000384100','Melody','Urban',NULL,'2012-08-05 01:54:27','2012-08-05 01:54:27');
INSERT INTO "customers" VALUES(51,'29878002418834','Robert','Schiller',NULL,'2012-08-05 01:54:27','2012-08-05 01:54:27');
INSERT INTO "customers" VALUES(52,'29878003535149','Warren','Budzis',NULL,'2012-08-05 01:54:27','2012-08-05 01:54:27');
INSERT INTO "customers" VALUES(53,'29878002648240','Garrett','Lowery',NULL,'2012-08-05 01:54:27','2012-08-05 01:54:27');
INSERT INTO "customers" VALUES(54,'29878001523501','Nancy','Bowman',NULL,'2012-08-05 01:54:28','2012-08-05 01:54:28');
INSERT INTO "customers" VALUES(55,'29878002695936','Jean','Stachura',NULL,'2012-08-05 01:54:28','2012-08-05 01:54:28');
INSERT INTO "customers" VALUES(56,'29878003285950','Ruth','Steiner',NULL,'2012-08-05 01:54:28','2012-08-05 01:54:28');
INSERT INTO "customers" VALUES(57,'29878003054273','Merry','Suring',NULL,'2012-08-05 01:54:28','2012-08-05 01:54:28');
INSERT INTO "customers" VALUES(58,'29878001701941','Dustin','Rottier',NULL,'2012-08-05 01:54:28','2012-08-05 01:54:28');
INSERT INTO "customers" VALUES(59,'29878003286537','Loretta','Sagataw',NULL,'2012-08-05 01:54:29','2012-08-05 01:54:29');
INSERT INTO "customers" VALUES(60,'0000383330','Audrey','Naliborski',NULL,'2012-08-05 01:54:29','2012-08-05 01:54:29');
INSERT INTO "customers" VALUES(61,'29878003424609','Mark','Kozicki',NULL,'2012-08-05 01:54:29','2012-08-05 01:54:29');
INSERT INTO "customers" VALUES(62,'29878002216691','Valerie','Clausen',NULL,'2012-08-05 01:54:29','2012-08-05 01:54:29');
INSERT INTO "customers" VALUES(63,'29878001648068','Annette','VanLannen',NULL,'2012-08-05 01:54:29','2012-08-05 01:54:29');
INSERT INTO "customers" VALUES(64,'29878001593835','Connie','Shorter',NULL,'2012-08-05 01:54:30','2012-08-05 01:54:30');
INSERT INTO "customers" VALUES(65,'29878002219372','Wendy','Wojcik',NULL,'2012-08-05 01:54:30','2012-08-05 01:54:30');
INSERT INTO "customers" VALUES(66,'29878001989231','Debra','Buckarz',NULL,'2012-08-05 01:54:30','2012-08-05 01:54:30');
INSERT INTO "customers" VALUES(67,'29878003053481','Ken','Clark',NULL,'2012-08-05 01:54:30','2012-08-05 01:54:30');
INSERT INTO "customers" VALUES(68,'29878000860565','Jeanette','Levora',NULL,'2012-08-05 01:54:30','2012-08-05 01:54:30');
INSERT INTO "customers" VALUES(69,'29878003385966','Cynthia','Yenter',NULL,'2012-08-05 01:54:31','2012-08-05 01:54:31');
INSERT INTO "customers" VALUES(70,'29878002216238','Debbie','Rodgers',NULL,'2012-08-05 01:54:31','2012-08-05 01:54:31');
INSERT INTO "customers" VALUES(71,'29878002877419','Erica','Wilcox',NULL,'2012-08-05 01:54:31','2012-08-05 01:54:31');
INSERT INTO "customers" VALUES(72,'29878003387954','Cassandra','Steichen',NULL,'2012-08-05 01:54:31','2012-08-05 01:54:31');
INSERT INTO "customers" VALUES(73,'0000383673','Laurie','Wood',NULL,'2012-08-05 01:54:31','2012-08-05 01:54:31');
INSERT INTO "customers" VALUES(74,'29878003208440','Erin','Neils',NULL,'2012-08-05 01:54:32','2012-08-05 01:54:32');
INSERT INTO "customers" VALUES(75,'29878003425028','Michele','Richmond',NULL,'2012-08-05 01:54:32','2012-08-05 01:54:32');
INSERT INTO "customers" VALUES(76,'29878002082697','Leann','Nooyen',NULL,'2012-08-05 01:54:32','2012-08-05 01:54:32');
INSERT INTO "customers" VALUES(77,'29878002877062','Brian','Richmond',NULL,'2012-08-05 01:54:32','2012-08-05 01:54:32');
INSERT INTO "customers" VALUES(78,'29878003425564','Jonathan','Frisch',NULL,'2012-08-05 01:54:33','2012-08-05 01:54:33');
INSERT INTO "customers" VALUES(79,'29878003284300','Jaime','Reed',NULL,'2012-08-05 01:54:33','2012-08-05 01:54:33');
INSERT INTO "customers" VALUES(80,'0000394320','Jean','Skovera',NULL,'2012-08-05 01:54:33','2012-08-05 01:54:33');
INSERT INTO "customers" VALUES(81,'29878003059025','Makayla','Kozicki',NULL,'2012-08-05 01:54:33','2012-08-05 01:54:33');
INSERT INTO "customers" VALUES(82,'0000420941','Mary','Nowak',NULL,'2012-08-05 01:54:33','2012-08-05 01:54:33');
INSERT INTO "customers" VALUES(83,'29878001647326','Vita','Maltinski',NULL,'2012-08-05 01:54:33','2012-08-05 01:54:33');
INSERT INTO "customers" VALUES(84,'29878002633614','Herman','Kafura',NULL,'2012-08-05 01:54:34','2012-08-05 01:54:34');
INSERT INTO "customers" VALUES(85,'29878003180045','Pamela','Schauer',NULL,'2012-08-07 22:10:06','2012-08-07 22:10:06');
INSERT INTO "customers" VALUES(86,'0000377707','Virginia','Betts',NULL,'2012-08-08 01:25:47','2012-08-08 01:25:47');
INSERT INTO "customers" VALUES(87,'29878002691935','Liam','Albers',NULL,'2012-08-15 16:43:29','2012-08-15 16:43:29');
INSERT INTO "customers" VALUES(89,'29878001082615','Ginny','Zablocki',NULL,'2012-08-17 20:19:15','2012-08-17 20:19:15');
INSERT INTO "customers" VALUES(90,'29878002825038','Jessica','Portier',NULL,'2012-08-17 20:37:23','2012-08-17 20:37:23');
INSERT INTO "customers" VALUES(91,'29878003431638','Chad','Hintz',NULL,'2012-08-17 21:23:22','2012-08-17 21:23:22');
INSERT INTO "customers" VALUES(92,' 29878002691935','Liam','Albers',NULL,'2012-08-20 21:23:01','2012-08-20 21:23:01');
CREATE TABLE "locations" ("id" SERIAL PRIMARY KEY NOT NULL, "code" varchar(255), "name" varchar(255), "address" varchar(255), "created_at" timestamp, "updated_at" timestamp);
INSERT INTO "locations" VALUES(1,'CEN','Brown County Central Library','515 Pine St., Green Bay, WI 54301','2012-08-04 17:44:58','2012-08-04 17:44:58');
INSERT INTO "locations" VALUES(2,'ASH','Ashwaubenon Branch Library','1060 Orlando Dr., Green Bay, WI 54304','2012-08-04 17:45:24','2012-08-04 17:45:24');
INSERT INTO "locations" VALUES(3,'DK','Denmark Branch Library','450 N. Wall St., Denmark, WI 54208','2012-08-04 17:45:43','2012-08-04 17:45:43');
INSERT INTO "locations" VALUES(4,'EA','East Branch Library','2255 Main St., Green Bay, WI 54302','2012-08-04 17:46:00','2012-08-04 17:46:00');
INSERT INTO "locations" VALUES(5,'KR','Kress Family Branch Library','333 N. Broadway, De Pere, WI 54115','2012-08-04 17:46:17','2012-08-04 17:46:17');
INSERT INTO "locations" VALUES(6,'PUL','Pulaski Branch Library','222 W. Pulaski St., Pulaski, WI 54162','2012-08-04 17:46:35','2012-08-04 17:46:35');
INSERT INTO "locations" VALUES(7,'SW','Southwest Branch Library','974 Ninth St., Green Bay, WI 54304','2012-08-04 17:46:55','2012-08-04 17:46:55');
INSERT INTO "locations" VALUES(8,'WH','Weyers-Hilliard Branch Library','2680 Riverview Dr., Green Bay, WI 54313','2012-08-04 17:47:14','2012-08-04 17:47:14');
INSERT INTO "locations" VALUES(9,'WRI','Wrightstown Branch Library','615 Main St., Wrightstown, WI 54180','2012-08-04 17:47:34','2012-08-04 17:47:34');
INSERT INTO "locations" VALUES(10,'BKM','Brown County Library Bookmobile','515 Pine St., Green Bay, WI 54301','2012-08-04 17:48:07','2012-08-04 17:48:07');
CREATE TABLE "statuses" ("id" SERIAL PRIMARY KEY NOT NULL, "name" varchar(255), "description" varchar(255), "created_at" timestamp, "updated_at" timestamp);
INSERT INTO "statuses" VALUES(1,'pending','Awaiting review by selector','2012-08-04 17:48:48','2012-08-04 17:48:48');
INSERT INTO "statuses" VALUES(2,'submitted','Submitted to NFLS','2012-08-04 17:49:08','2012-08-04 17:49:08');
INSERT INTO "statuses" VALUES(3,'received','Received by BCL','2012-08-04 17:49:27','2012-08-04 17:50:02');
INSERT INTO "statuses" VALUES(4,'returned','Returned to NFLS','2012-08-04 17:49:43','2012-08-04 17:49:43');
INSERT INTO "statuses" VALUES(5,'closed','Completed and closed','2012-08-04 17:50:21','2012-08-04 17:50:21');
INSERT INTO "statuses" VALUES(6,'cancelled','Cancelled by customer or NFLS','2012-08-04 17:50:43','2012-08-04 17:50:43');
INSERT INTO "statuses" VALUES(7,'ordered','Item ordered for BCL','2012-08-04 17:51:00','2012-08-04 17:51:00');
CREATE TABLE "activities" ("id" SERIAL PRIMARY KEY NOT NULL, "request_id" integer, "status_id" integer, "date" date, "note" text, "created_at" timestamp, "updated_at" timestamp);
INSERT INTO "activities" VALUES(1,50,2,'2012-08-01',NULL,'2012-08-05 02:27:01','2012-08-05 02:27:01');
INSERT INTO "activities" VALUES(2,49,2,'2012-08-01',NULL,'2012-08-05 02:27:01','2012-08-05 02:27:01');
INSERT INTO "activities" VALUES(3,48,2,'2012-08-02',NULL,'2012-08-05 02:27:01','2012-08-05 02:27:01');
INSERT INTO "activities" VALUES(4,47,2,'2012-08-01',NULL,'2012-08-05 02:27:01','2012-08-05 02:27:01');
INSERT INTO "activities" VALUES(5,32,4,'2012-08-02',NULL,'2012-08-05 02:27:02','2012-08-05 02:27:02');
INSERT INTO "activities" VALUES(6,35,4,'2012-08-02',NULL,'2012-08-05 02:27:02','2012-08-05 02:27:02');
INSERT INTO "activities" VALUES(7,45,4,'2012-08-12',NULL,'2012-08-05 02:27:02','2012-08-05 02:27:02');
INSERT INTO "activities" VALUES(8,45,3,'2012-07-31',NULL,'2012-08-05 02:27:03','2012-08-05 02:27:03');
INSERT INTO "activities" VALUES(9,46,2,'2012-08-02',NULL,'2012-08-05 02:27:04','2012-08-05 02:27:04');
INSERT INTO "activities" VALUES(10,28,3,'2012-08-01',NULL,'2012-08-05 02:27:04','2012-08-05 02:27:04');
INSERT INTO "activities" VALUES(11,26,3,'2012-08-01',NULL,'2012-08-05 02:27:04','2012-08-05 02:27:04');
INSERT INTO "activities" VALUES(12,25,3,'2012-07-31',NULL,'2012-08-05 02:27:04','2012-08-05 02:27:04');
INSERT INTO "activities" VALUES(13,23,3,'2012-07-31',NULL,'2012-08-05 02:27:04','2012-08-05 02:27:04');
INSERT INTO "activities" VALUES(14,11,3,'2012-07-31',NULL,'2012-08-05 02:27:05','2012-08-05 02:27:05');
INSERT INTO "activities" VALUES(15,8,4,'2012-07-31',NULL,'2012-08-05 02:27:05','2012-08-05 02:27:05');
INSERT INTO "activities" VALUES(16,7,4,'2012-07-31',NULL,'2012-08-05 02:27:05','2012-08-05 02:27:05');
INSERT INTO "activities" VALUES(17,9,3,'2012-07-30',NULL,'2012-08-05 02:27:05','2012-08-05 02:27:05');
INSERT INTO "activities" VALUES(18,8,3,'2012-07-30',NULL,'2012-08-05 02:27:05','2012-08-05 02:27:05');
INSERT INTO "activities" VALUES(19,7,3,'2012-07-25',NULL,'2012-08-05 02:27:05','2012-08-05 02:27:05');
INSERT INTO "activities" VALUES(20,6,3,'2012-07-23',NULL,'2012-08-05 02:27:05','2012-08-05 02:27:05');
INSERT INTO "activities" VALUES(21,5,3,'2012-07-23',NULL,'2012-08-05 02:27:05','2012-08-05 02:27:05');
INSERT INTO "activities" VALUES(22,4,3,'2012-07-23',NULL,'2012-08-05 02:27:05','2012-08-05 02:27:05');
INSERT INTO "activities" VALUES(23,4,2,'2012-07-16',NULL,'2012-08-05 02:27:06','2012-08-05 02:27:06');
INSERT INTO "activities" VALUES(24,5,2,'2012-07-16',NULL,'2012-08-05 02:27:06','2012-08-05 02:27:06');
INSERT INTO "activities" VALUES(25,6,2,'2012-07-16',NULL,'2012-08-05 02:27:06','2012-08-05 02:27:06');
INSERT INTO "activities" VALUES(26,7,2,'2012-07-17',NULL,'2012-08-05 02:27:06','2012-08-05 02:27:06');
INSERT INTO "activities" VALUES(27,8,2,'2012-07-18',NULL,'2012-08-05 02:27:06','2012-08-05 02:27:06');
INSERT INTO "activities" VALUES(28,44,2,'2012-07-31',NULL,'2012-08-05 02:27:06','2012-08-05 02:27:06');
INSERT INTO "activities" VALUES(29,33,2,'2012-07-31',NULL,'2012-08-05 02:27:06','2012-08-05 02:27:06');
INSERT INTO "activities" VALUES(30,18,2,'2012-07-31',NULL,'2012-08-05 02:27:06','2012-08-05 02:27:06');
INSERT INTO "activities" VALUES(31,31,2,'2012-07-31',NULL,'2012-08-05 02:27:07','2012-08-05 02:27:07');
INSERT INTO "activities" VALUES(32,42,3,'2012-07-30',NULL,'2012-08-05 02:27:07','2012-08-05 02:27:07');
INSERT INTO "activities" VALUES(33,19,3,'2012-07-30',NULL,'2012-08-05 02:27:07','2012-08-05 02:27:07');
INSERT INTO "activities" VALUES(34,17,2,'2012-07-27',NULL,'2012-08-05 02:27:07','2012-08-05 02:27:07');
INSERT INTO "activities" VALUES(35,30,2,'2012-07-26',NULL,'2012-08-05 02:27:07','2012-08-05 02:27:07');
INSERT INTO "activities" VALUES(36,29,3,'2012-07-26',NULL,'2012-08-05 02:27:07','2012-08-05 02:27:07');
INSERT INTO "activities" VALUES(37,13,2,'2012-07-25',NULL,'2012-08-05 02:27:07','2012-08-05 02:27:07');
INSERT INTO "activities" VALUES(38,15,2,'2012-07-25',NULL,'2012-08-05 02:27:07','2012-08-05 02:27:07');
INSERT INTO "activities" VALUES(39,14,2,'2012-07-25',NULL,'2012-08-05 02:27:07','2012-08-05 02:27:07');
INSERT INTO "activities" VALUES(40,16,2,'2012-07-25',NULL,'2012-08-05 02:27:07','2012-08-05 02:27:07');
INSERT INTO "activities" VALUES(41,26,2,'2012-07-25',NULL,'2012-08-05 02:27:08','2012-08-05 02:27:08');
INSERT INTO "activities" VALUES(42,12,2,'2012-07-24',NULL,'2012-08-05 02:27:08','2012-08-05 02:27:08');
INSERT INTO "activities" VALUES(43,39,2,'2012-07-24',NULL,'2012-08-05 02:27:08','2012-08-05 02:27:08');
INSERT INTO "activities" VALUES(44,22,2,'2012-07-24',NULL,'2012-08-05 02:27:08','2012-08-05 02:27:08');
INSERT INTO "activities" VALUES(45,9,2,'2012-07-23',NULL,'2012-08-05 02:27:09','2012-08-05 02:27:09');
INSERT INTO "activities" VALUES(46,10,2,'2012-07-23',NULL,'2012-08-05 02:27:09','2012-08-05 02:27:09');
INSERT INTO "activities" VALUES(47,11,2,'2012-07-23',NULL,'2012-08-05 02:27:09','2012-08-05 02:27:09');
INSERT INTO "activities" VALUES(48,42,2,'2012-07-21',NULL,'2012-08-05 02:27:09','2012-08-05 02:27:09');
INSERT INTO "activities" VALUES(49,20,3,'2012-07-25',NULL,'2012-08-05 02:27:10','2012-08-05 02:27:10');
INSERT INTO "activities" VALUES(50,21,3,'2012-07-25',NULL,'2012-08-05 02:27:10','2012-08-05 02:27:10');
INSERT INTO "activities" VALUES(51,28,2,'2012-07-20',NULL,'2012-08-05 02:27:10','2012-08-05 02:27:10');
INSERT INTO "activities" VALUES(52,36,3,'2012-07-19',NULL,'2012-08-05 02:27:10','2012-08-05 02:27:10');
INSERT INTO "activities" VALUES(53,24,3,'2012-07-19',NULL,'2012-08-05 02:27:10','2012-08-05 02:27:10');
INSERT INTO "activities" VALUES(54,25,2,'2012-07-18',NULL,'2012-08-05 02:27:11','2012-08-05 02:27:11');
INSERT INTO "activities" VALUES(55,40,3,'2012-07-24',NULL,'2012-08-05 02:27:11','2012-08-05 02:27:11');
INSERT INTO "activities" VALUES(56,27,3,'2012-07-18',NULL,'2012-08-05 02:27:11','2012-08-05 02:27:11');
INSERT INTO "activities" VALUES(57,38,2,'2012-07-18',NULL,'2012-08-05 02:27:11','2012-08-05 02:27:11');
INSERT INTO "activities" VALUES(58,37,3,'2012-07-18',NULL,'2012-08-05 02:27:11','2012-08-05 02:27:11');
INSERT INTO "activities" VALUES(59,37,2,'2012-07-18',NULL,'2012-08-05 02:27:11','2012-08-05 02:27:11');
INSERT INTO "activities" VALUES(60,24,2,'2012-07-17',NULL,'2012-08-05 02:27:11','2012-08-05 02:27:11');
INSERT INTO "activities" VALUES(61,23,2,'2012-07-17',NULL,'2012-08-05 02:27:11','2012-08-05 02:27:11');
INSERT INTO "activities" VALUES(62,19,2,'2012-07-17',NULL,'2012-08-05 02:27:11','2012-08-05 02:27:11');
INSERT INTO "activities" VALUES(63,43,3,'2012-07-19',NULL,'2012-08-05 02:27:12','2012-08-05 02:27:12');
INSERT INTO "activities" VALUES(64,36,2,'2012-07-14',NULL,'2012-08-05 02:27:12','2012-08-05 02:27:12');
INSERT INTO "activities" VALUES(65,43,2,'2012-07-14',NULL,'2012-08-05 02:27:12','2012-08-05 02:27:12');
INSERT INTO "activities" VALUES(66,20,2,'2012-07-14',NULL,'2012-08-05 02:27:12','2012-08-05 02:27:12');
INSERT INTO "activities" VALUES(67,34,3,'2012-07-03',NULL,'2012-08-05 02:27:12','2012-08-05 02:27:12');
INSERT INTO "activities" VALUES(68,32,3,'2012-07-10',NULL,'2012-08-05 02:27:12','2012-08-05 02:27:12');
INSERT INTO "activities" VALUES(69,40,2,'2012-07-11',NULL,'2012-08-05 02:27:12','2012-08-05 02:27:12');
INSERT INTO "activities" VALUES(70,27,2,'2012-07-11',NULL,'2012-08-05 02:27:12','2012-08-05 02:27:12');
INSERT INTO "activities" VALUES(71,21,2,'2012-07-10',NULL,'2012-08-05 02:27:13','2012-08-05 02:27:13');
INSERT INTO "activities" VALUES(72,29,2,'2012-07-08',NULL,'2012-08-05 02:27:13','2012-08-05 02:27:13');
INSERT INTO "activities" VALUES(73,41,3,'2012-06-20',NULL,'2012-08-05 02:27:13','2012-08-05 02:27:13');
INSERT INTO "activities" VALUES(74,35,3,'2012-06-29',NULL,'2012-08-05 02:27:13','2012-08-05 02:27:13');
INSERT INTO "activities" VALUES(75,35,2,'2012-06-27',NULL,'2012-08-05 02:27:13','2012-08-05 02:27:13');
INSERT INTO "activities" VALUES(76,34,2,'2012-06-22',NULL,'2012-08-05 02:27:13','2012-08-05 02:27:13');
INSERT INTO "activities" VALUES(77,32,2,'2012-06-22',NULL,'2012-08-05 02:27:14','2012-08-05 02:27:14');
INSERT INTO "activities" VALUES(78,41,2,'2012-06-15',NULL,'2012-08-05 02:27:14','2012-08-05 02:27:14');
INSERT INTO "activities" VALUES(81,10,3,'2012-08-03','','2012-08-07 19:42:33','2012-08-07 19:42:33');
INSERT INTO "activities" VALUES(82,13,3,'2012-08-03','','2012-08-07 19:45:03','2012-08-07 19:45:03');
INSERT INTO "activities" VALUES(83,14,3,'2012-08-03','','2012-08-07 19:46:21','2012-08-07 19:46:21');
INSERT INTO "activities" VALUES(84,15,3,'2012-08-03','','2012-08-07 19:48:47','2012-08-07 19:48:47');
INSERT INTO "activities" VALUES(85,51,2,'2012-08-01','','2012-08-07 22:11:43','2012-08-07 22:11:43');
INSERT INTO "activities" VALUES(86,52,2,'2012-08-01','','2012-08-07 22:13:06','2012-08-07 22:13:06');
INSERT INTO "activities" VALUES(88,54,2,'2012-08-07',NULL,'2012-08-08 01:54:43','2012-08-08 01:54:43');
INSERT INTO "activities" VALUES(89,55,2,'2012-08-06','','2012-08-08 02:01:30','2012-08-08 02:01:30');
INSERT INTO "activities" VALUES(90,56,2,'2012-08-06','','2012-08-08 19:42:32','2012-08-08 19:42:32');
INSERT INTO "activities" VALUES(91,31,3,'2012-08-07','','2012-08-08 19:48:51','2012-08-08 19:48:51');
INSERT INTO "activities" VALUES(92,57,2,'2012-08-07','','2012-08-08 19:55:21','2012-08-08 19:55:21');
INSERT INTO "activities" VALUES(93,16,3,'2012-08-06','','2012-08-09 13:17:57','2012-08-09 13:17:57');
INSERT INTO "activities" VALUES(94,16,4,'2012-08-08','','2012-08-09 13:19:11','2012-08-09 13:19:11');
INSERT INTO "activities" VALUES(95,17,3,'2012-08-03','','2012-08-09 13:31:48','2012-08-09 13:31:48');
INSERT INTO "activities" VALUES(96,17,4,'2012-08-08','','2012-08-09 13:32:13','2012-08-09 13:32:13');
INSERT INTO "activities" VALUES(97,30,3,'2012-08-07','','2012-08-09 17:00:51','2012-08-09 17:00:51');
INSERT INTO "activities" VALUES(98,47,3,'2012-08-07','','2012-08-09 22:05:47','2012-08-09 22:05:47');
INSERT INTO "activities" VALUES(99,38,3,'2012-08-01','','2012-08-09 23:59:26','2012-08-09 23:59:26');
INSERT INTO "activities" VALUES(100,13,4,'2012-08-15','','2012-08-15 16:54:49','2012-08-15 16:54:49');
INSERT INTO "activities" VALUES(101,18,3,'2012-08-15','','2012-08-15 16:55:21','2012-08-15 16:55:21');
INSERT INTO "activities" VALUES(102,11,3,'2012-08-15','','2012-08-15 18:15:47','2012-08-15 18:15:47');
INSERT INTO "activities" VALUES(103,6,4,'2012-08-15','','2012-08-15 18:18:42','2012-08-15 18:18:42');
INSERT INTO "activities" VALUES(104,5,4,'2012-08-15','','2012-08-15 18:19:02','2012-08-15 18:19:02');
INSERT INTO "activities" VALUES(105,9,4,'2012-08-13','','2012-08-15 18:19:21','2012-08-15 18:19:21');
INSERT INTO "activities" VALUES(106,14,4,'2012-08-11','','2012-08-15 18:23:19','2012-08-15 18:23:19');
INSERT INTO "activities" VALUES(107,15,4,'2012-08-13','','2012-08-15 18:23:41','2012-08-15 18:23:41');
INSERT INTO "activities" VALUES(108,58,2,'2012-08-16','','2012-08-16 19:32:58','2012-08-16 19:32:58');
INSERT INTO "activities" VALUES(109,59,2,'2012-08-16','','2012-08-16 19:35:54','2012-08-16 19:35:54');
INSERT INTO "activities" VALUES(110,57,4,'2012-08-17','','2012-08-17 18:49:13','2012-08-17 18:49:13');
INSERT INTO "activities" VALUES(111,21,4,'2012-08-17','','2012-08-17 20:05:28','2012-08-17 20:05:28');
INSERT INTO "activities" VALUES(112,60,2,'2012-08-15','','2012-08-17 20:22:37','2012-08-17 20:22:37');
INSERT INTO "activities" VALUES(113,60,3,'2012-08-17','','2012-08-17 20:22:48','2012-08-17 20:22:48');
INSERT INTO "activities" VALUES(114,61,2,'2012-08-11','','2012-08-17 20:28:47','2012-08-17 20:28:47');
INSERT INTO "activities" VALUES(115,61,3,'2012-08-17','','2012-08-17 20:28:58','2012-08-17 20:28:58');
INSERT INTO "activities" VALUES(116,62,2,'2012-08-11','','2012-08-17 20:30:34','2012-08-17 20:30:34');
INSERT INTO "activities" VALUES(117,62,3,'2012-08-17','','2012-08-17 20:30:43','2012-08-17 20:30:43');
INSERT INTO "activities" VALUES(118,63,2,'2012-08-11','','2012-08-17 20:36:28','2012-08-17 20:36:28');
INSERT INTO "activities" VALUES(119,64,2,'2012-08-13','','2012-08-17 20:40:09','2012-08-17 20:40:09');
INSERT INTO "activities" VALUES(120,65,2,'2012-08-11','','2012-08-17 20:41:33','2012-08-17 20:41:33');
INSERT INTO "activities" VALUES(121,66,2,'2012-08-04','','2012-08-17 20:49:24','2012-08-17 20:49:24');
INSERT INTO "activities" VALUES(122,67,2,'2012-08-11','','2012-08-17 20:50:38','2012-08-17 20:50:38');
INSERT INTO "activities" VALUES(123,68,2,'2012-08-17','','2012-08-17 21:50:50','2012-08-17 21:50:50');
INSERT INTO "activities" VALUES(124,69,2,'2012-08-15','','2012-08-17 21:52:58','2012-08-17 21:52:58');
INSERT INTO "activities" VALUES(125,49,3,'2012-08-10','','2012-08-17 21:56:25','2012-08-17 21:56:25');
INSERT INTO "activities" VALUES(126,55,3,'2012-08-16','','2012-08-17 21:57:07','2012-08-17 21:57:07');
INSERT INTO "activities" VALUES(127,54,3,'2012-08-15','','2012-08-17 21:58:13','2012-08-17 21:58:13');
INSERT INTO "activities" VALUES(128,56,3,'2012-08-13','','2012-08-20 20:32:04','2012-08-20 20:32:04');
INSERT INTO "activities" VALUES(129,70,2,'2012-08-08','','2012-08-20 20:51:47','2012-08-20 20:51:47');
INSERT INTO "activities" VALUES(130,70,3,'2012-08-15','','2012-08-20 20:52:02','2012-08-20 20:52:02');
INSERT INTO "activities" VALUES(131,71,2,'2012-08-08','','2012-08-20 20:53:47','2012-08-20 20:53:47');
INSERT INTO "activities" VALUES(132,71,3,'2012-08-15','','2012-08-20 20:53:59','2012-08-20 20:53:59');
INSERT INTO "activities" VALUES(133,72,2,'2012-08-08','','2012-08-20 20:57:06','2012-08-20 20:57:06');
INSERT INTO "activities" VALUES(134,72,3,'2012-08-16','','2012-08-20 21:01:04','2012-08-20 21:01:04');
INSERT INTO "activities" VALUES(135,73,2,'2012-08-08','','2012-08-20 21:03:08','2012-08-20 21:03:08');
INSERT INTO "activities" VALUES(136,73,3,'2012-08-16','','2012-08-20 21:03:20','2012-08-20 21:03:20');
INSERT INTO "activities" VALUES(137,74,2,'2012-08-11','','2012-08-20 21:05:22','2012-08-20 21:05:22');
INSERT INTO "activities" VALUES(138,75,2,'2012-08-11','','2012-08-20 21:06:30','2012-08-20 21:06:30');
INSERT INTO "activities" VALUES(139,22,6,'2012-08-20','Unfilled (NFLS)','2012-08-20 21:10:40','2012-08-20 21:10:40');
INSERT INTO "activities" VALUES(140,7,5,'2012-08-06','','2012-08-20 21:17:26','2012-08-20 21:17:26');
INSERT INTO "activities" VALUES(141,8,5,'2012-08-14','','2012-08-20 21:18:24','2012-08-20 21:18:24');
INSERT INTO "activities" VALUES(142,9,5,'2012-08-20','','2012-08-20 21:19:51','2012-08-20 21:19:51');
INSERT INTO "activities" VALUES(143,76,3,'2012-08-20','','2012-08-20 21:22:36','2012-08-20 21:22:36');
INSERT INTO "activities" VALUES(144,77,2,'2012-08-09','','2012-08-20 21:24:15','2012-08-20 21:24:15');
INSERT INTO "activities" VALUES(145,19,5,'2012-08-10','','2012-08-20 21:26:57','2012-08-20 21:26:57');
INSERT INTO "activities" VALUES(146,20,5,'2012-08-15','','2012-08-20 21:28:42','2012-08-20 21:28:42');
INSERT INTO "activities" VALUES(147,4,4,'2012-08-22','','2012-08-22 15:42:05','2012-08-22 15:42:05');
INSERT INTO "activities" VALUES(148,58,3,'2012-08-22','','2012-08-22 19:52:40','2012-08-22 19:52:40');
INSERT INTO "activities" VALUES(149,11,4,'2012-08-27','','2012-08-27 18:09:26','2012-08-27 18:09:26');
INSERT INTO "activities" VALUES(150,59,3,'2012-08-27','','2012-08-27 18:13:00','2012-08-27 18:13:00');
INSERT INTO "activities" VALUES(151,58,4,'2012-08-27','','2012-08-27 18:13:45','2012-08-27 18:13:45');
INSERT INTO "activities" VALUES(152,59,3,'2012-08-27','','2012-08-27 18:25:42','2012-08-27 18:25:42');
INSERT INTO "activities" VALUES(153,59,4,'2012-08-30','','2012-08-30 20:28:51','2012-08-30 20:28:51');
INSERT INTO "activities" VALUES(154,78,3,'2012-08-30','','2012-08-30 20:34:32','2012-08-30 20:34:32');
INSERT INTO "activities" VALUES(155,79,3,'2012-08-31','','2012-08-31 19:32:11','2012-08-31 19:32:11');
INSERT INTO "activities" VALUES(156,76,4,'2012-09-05','','2012-09-05 18:09:03','2012-09-05 18:09:03');
INSERT INTO "activities" VALUES(157,46,4,'2012-09-05','','2012-09-05 18:09:21','2012-09-05 18:09:21');
CREATE TABLE "requests" ("id" SERIAL PRIMARY KEY NOT NULL, "customer_id" integer, "oclcnum" integer, "title" varchar(255), "author" varchar(255), "pub" varchar(255), "locationplaced" varchar(255), "location_id" integer, "duedate" date, "bclitem" bigint, "created_at" timestamp, "updated_at" timestamp, "dateplaced" date);
INSERT INTO "requests" VALUES(4,48,740628647,'Blackhorse riders : a desperate last stand, an extraordinary rescue mission, and the Vietnam battle America forgot','Keith, Philip A.','New York : New York : 2012','DK',3,'2012-08-24',39878013800374,'2012-08-05 02:23:29','2012-08-08 16:16:19','2012-07-16');
INSERT INTO "requests" VALUES(5,52,50119169,'American III [sound recording] : solitary man','Cash, Johnny.','New York, N.Y. : American :, Distributed by Universal Music & Video Distribution, 2000','DK',3,'2012-08-13',39878013800266,'2012-08-05 02:23:29','2012-08-08 16:30:11','2012-07-16');
INSERT INTO "requests" VALUES(6,52,71299733,'The lost crowes [sound recording]','Robinson, Chris.; Robinson, Rich.; Black Crowes (Musical group)','New York, NY : American Recordings, 2006','DK',3,'2012-08-13',39878013800325,'2012-08-05 02:23:29','2012-08-08 16:30:29','2012-07-16');
INSERT INTO "requests" VALUES(7,50,13620512,'1001 buttons : and other related items','Button Creations (Firm)','[Chalfont, Pa.] : [Chalfont, Pa.] : 1983','DK',3,'2012-08-15',39878013800341,'2012-08-05 02:23:29','2012-08-08 16:30:45','2012-07-17');
INSERT INTO "requests" VALUES(8,50,41677267,'Goofies, set and non-set; book 1-2.','Packard, E.','Tacoma, Wash., Tacoma, Wash., 1951 1953','DK',3,'2012-09-12',39878013800366,'2012-08-05 02:23:30','2012-08-08 16:31:03','2012-07-18');
INSERT INTO "requests" VALUES(9,52,471827478,'Night of the living dead : behind the scenes of the most terrifying zombie movie ever','Kane, Joe.','New York : New York : 2010','DK',3,'2012-08-27',39878013800234,'2012-08-05 02:23:30','2012-08-08 16:31:18','2012-07-23');
INSERT INTO "requests" VALUES(10,52,724658605,'Glenn Hughes : the autobiography : from Deep Purple to Black Country Communion','Hughes, Glenn.; McIver, Joel','London ;, [Milwaukee, Wis.] : London ;, [Milwaukee, Wis.] : 2011','DK',3,'2012-08-22',39878013800283,'2012-08-05 02:23:30','2012-08-08 16:31:35','2012-07-23');
INSERT INTO "requests" VALUES(11,52,290535379,'To live is to die : the life and death of Metallica''s Cliff Burton','McIver, Joel.; Hammett, Kirk.','London : Jawbone Press, 2009','DK',3,'2012-08-29',39878013800317,'2012-08-05 02:23:30','2012-08-08 16:31:52','2012-07-23');
INSERT INTO "requests" VALUES(12,51,41837417,'How to solve problems and prevent trouble','Wetherill, Richard W.','Royersford, PA : Humanetics Fellowship, 1991','DK',3,NULL,NULL,'2012-08-05 02:23:30','2012-08-08 16:32:09','2012-07-24');
INSERT INTO "requests" VALUES(13,46,62764663,'All in the family. The complete fifth season','O''Connor, Carroll.','Culver City, Calif. : Sony Pictures Home Entertainment, 2006','DK',3,'2012-08-13',39878013800259,'2012-08-05 02:23:30','2012-08-08 16:32:25','2012-07-25');
INSERT INTO "requests" VALUES(14,46,443525116,'Extract','Rotenberg, Michael.','Burbank, Calif. : Miramax Films : 2009','DK',3,'2012-08-13',39878013800291,'2012-08-05 02:23:30','2012-08-08 16:32:40','2012-07-25');
INSERT INTO "requests" VALUES(15,46,767532782,'Woody Allen a documentary','Weide, Robert B.','[United States] : B Plus Productions : 2012','DK',3,'2012-08-13',39878013800390,'2012-08-05 02:23:30','2012-08-08 16:32:57','2012-07-25');
INSERT INTO "requests" VALUES(16,46,15688210,'Tango in the night','Fleetwood Mac (Musical group)','Burbank, Calif. : Warner Bros. Records, 1987','DK',3,NULL,39878013800176,'2012-08-05 02:23:30','2012-08-09 13:18:42','2012-07-25');
INSERT INTO "requests" VALUES(17,47,56481723,'Star Wars. Episode V, The empire strikes back','Kurtz, Gary.','[United States] : 20th Century Fox, 2004','DK',3,'2012-08-20',39878013800275,'2012-08-05 02:23:31','2012-08-15 16:45:34','2012-07-27');
INSERT INTO "requests" VALUES(18,44,460185548,'My enemy, my friend : a story of reconciliation from the Vietnam War','Cherry, Dan. Erickson, Fran.','Bowling Green, KY : Aviation Heritage Park, 2008','DK',3,'2012-08-29',39878013800358,'2012-08-05 02:23:31','2012-08-15 16:52:46','2012-07-31');
INSERT INTO "requests" VALUES(19,65,16756847,'And the wolf finally came : the decline of the American steel industry','Hoerr, John P.','Pittsburgh, PA : University of Pittsburgh Press, 1988','PUL',6,'2012-08-14',39878013800556,'2012-08-05 02:23:31','2012-08-08 16:34:01','2012-07-17');
INSERT INTO "requests" VALUES(20,63,156810813,'Caine''s reckoning','McCarty, Sarah.','Don Mills, Ont. : Spice, 2007','PUL',6,'2012-09-07',39878013802909,'2012-08-05 02:23:31','2012-08-08 16:34:19','2012-07-14');
INSERT INTO "requests" VALUES(21,62,58985858,'Cooking with coconut flour : a delicious low-carb, gluten-free alternative to wheat','Fife, Bruce.','Colorado Springs, CO : Piccadilly Books, 2005','PUL',6,'2012-08-19',39878013800473,'2012-08-05 02:23:31','2012-08-08 16:34:37','2012-07-10');
INSERT INTO "requests" VALUES(22,69,76166883,'Earth in the balance : ecology and the human spirit','Gore, Albert.','[New York] : Rodale, 2006','PUL',6,NULL,NULL,'2012-08-05 02:23:31','2012-08-08 16:34:54','2012-07-24');
INSERT INTO "requests" VALUES(23,64,62750900,'Get rich or die tryin'' [videorecording]','Sheridan, Jim,; 50 Cent; Howard, Terrence.; Bryant, Joy,; Duke, Bill,; Akinnuoye-Agbaje, Adewale,; Quinn, Declan,; Jones, Quincy,; Friday, Gavin.; Seezer, Maurice.','Hollywood, CA : Paramount Pictures, 2006','PUL',6,'2012-08-15',39878013800440,'2012-08-05 02:23:31','2012-08-08 16:35:11','2012-07-24');
INSERT INTO "requests" VALUES(24,54,449897221,'Iodine : why you need it, why you can''t live without it','Brownstein, David.','West Bloomfield, Mich. : West Bloomfield, Mich. : 2009','PUL',6,'2012-08-17',39878013800531,'2012-08-05 02:23:32','2012-08-08 16:35:31','2012-07-10');
INSERT INTO "requests" VALUES(25,67,757474661,'Kentucky Derby dreams : the making of thoroughbred champions','Nusser, Susan.','New York : New York : 2012','PUL',6,'2012-08-26',39878013803519,'2012-08-05 02:23:32','2012-08-08 16:35:48','2012-07-18');
INSERT INTO "requests" VALUES(26,75,56434003,'Living with blind dogs : a resource book and training guide for the owners of blind and low-vision dogs','Levin, Caroline D.','Oregon City, Or. : Lantern Publications, 2003','PUL',6,'2012-08-22',39878007811486,'2012-08-05 02:23:32','2012-08-08 16:36:03','2012-07-25');
INSERT INTO "requests" VALUES(27,54,466344090,'Magical housekeeping : simple charms & practical tips for creating a harmonious home','Whitehurst, Tess.','Woodbury, Minn. : Woodbury, Minn. : 2010','PUL',6,'2012-08-22',39878013800507,'2012-08-05 02:23:32','2012-08-08 16:36:23','2012-07-11');
INSERT INTO "requests" VALUES(28,62,8709280,'My life without God','Murray, William J.','Nashville : Nashville : 1982','PUL',6,'2012-08-21',39878007811239,'2012-08-05 02:23:32','2012-08-08 16:36:41','2012-07-20');
INSERT INTO "requests" VALUES(29,58,232952695,'Obit. : inspiring stories of ordinary people who led extraordinary lives','Sheeler, Jim.','New York, N.Y. : New York, N.Y. : 2008','PUL',6,'2012-08-25',39878013802891,'2012-08-05 02:23:32','2012-08-08 16:37:03','2012-07-08');
INSERT INTO "requests" VALUES(30,78,192080529,'Patterns of force [paperback]','Reaves, Michael.','New York: Del Rey, 2008','PUL',6,'2012-09-06',39878007811130,'2012-08-05 02:23:32','2012-08-09 16:59:30','2012-07-26');
INSERT INTO "requests" VALUES(31,81,85892267,'Picture perfect : what you need to feel better about your body','Rutledge, Jill Zimmerman.','Deerfield Beach, Fla. : Health Communications, 2007','PUL',6,'2012-08-29',39878007811254,'2012-08-05 02:23:32','2012-08-08 19:49:43','2012-07-28');
INSERT INTO "requests" VALUES(32,54,52385740,'Pre-algebra. Grades 5-8','Dankberg, Tracy.','Salt Lake City, Utah : Salt Lake City, Utah : 2003','PUL',6,'2012-08-02',39878013802974,'2012-08-05 02:23:33','2012-08-08 16:38:09','2012-06-22');
INSERT INTO "requests" VALUES(33,79,298596792,'Punished : a mother''s cruelty, a daughter''s survival, a secret that couldn''t be told','Steel, Vanessa.; Paul, Gill','','PUL',6,NULL,NULL,'2012-08-05 02:23:33','2012-08-08 16:38:28','2012-07-31');
INSERT INTO "requests" VALUES(34,54,148702492,'Reading comprehension. Grade 7','Aten, Jerry.','Greensboro, N.C. : Greensboro, N.C. : 2007','PUL',6,'2012-08-07',39878007811494,'2012-08-05 02:23:33','2012-08-08 16:38:47','2012-06-22');
INSERT INTO "requests" VALUES(35,55,39211138,'Rough around the edges','Johnson, Susan.; Wilks, Eileen.; Holmes, Dee.; Laurens, Stephanie','New York, N.Y. : New York, N.Y. : 1998','PUL',6,'2012-08-03',39878006679181,'2012-08-05 02:23:33','2012-08-08 16:39:07','2012-06-27');
INSERT INTO "requests" VALUES(36,63,698360796,'Sam''s creed','McCarty, Sarah.','Don Mills, Ont. : HQN, 2008','PUL',6,'2012-08-23',39878013800572,'2012-08-05 02:23:33','2012-08-08 16:39:27','2012-07-14');
INSERT INTO "requests" VALUES(37,61,4452155,'The cat''s whisker : 50 years of wireless design','Hill, Jonathan.','London : Oresko Books, 1978','PUL',6,'2012-08-17',39878013800499,'2012-08-05 02:23:34','2012-08-08 16:39:48','2012-07-18');
INSERT INTO "requests" VALUES(38,67,416278611,'The complete encyclopedia of horse racing : the illustrated guide to the world of the thoroughbred','Mooney, Bill.; Ennor, George.','London : London : 2009','PUL',6,'2012-08-24',39878013802958,'2012-08-05 02:23:34','2012-08-09 23:58:27','2012-07-18');
INSERT INTO "requests" VALUES(39,73,556295979,'The Genesis record : a scientific and devotional commentary on the Book of Beginnings','Morris, Henry M.','Grand Rapids, MI : Baker Book House, 2009 1976','PUL',6,NULL,NULL,'2012-08-05 02:23:34','2012-08-08 16:40:31','2012-07-24');
INSERT INTO "requests" VALUES(40,54,733229307,'The good energy book : creating harmony and balance for yourself and your home','Whitehurst, Tess.','Woodbury, Minn. : Woodbury, Minn. : 2012','PUL',6,'2012-08-11',39878013800549,'2012-08-05 02:23:34','2012-08-08 16:40:53','2012-07-11');
INSERT INTO "requests" VALUES(41,53,70060920,'The house of mirrors','Baccalario, Pierdomenico. Bruno, Iacopo.','New York : Scholastic, 2007','PUL',6,'2012-07-24',39878007811262,'2012-08-05 02:23:34','2012-08-08 16:41:15','2012-06-15');
INSERT INTO "requests" VALUES(42,66,42857353,'Thoroughbred champions : top 100 racehorses of the 20th century','Duke, Jacqueline.','Lexington, Ky. : The Blood-Horse, Inc., 1999','PUL',6,'2012-08-27',39878013802925,'2012-08-05 02:23:34','2012-08-08 16:41:35','2012-07-21');
INSERT INTO "requests" VALUES(43,63,290419381,'Tucker''s claim','McCarty, Sarah.','Don Mills, Ont. : Spice, 2009','PUL',6,'2012-08-12',39878013800564,'2012-08-05 02:23:34','2012-08-08 16:41:58','2012-07-19');
INSERT INTO "requests" VALUES(44,80,212018424,'Wesley the owl : the remarkable love story of an owl and his girl','O''Brien, Stacey.','New York : Free Press, 2008','PUL',6,NULL,NULL,'2012-08-05 02:23:35','2012-08-08 16:42:29','2012-07-31');
INSERT INTO "requests" VALUES(45,66,224550963,'Step Up 2','','[Burbank, CA] : Touchstone Home Entertainment, 2008','PUL',6,'2012-08-05',398780013800515,'2012-08-05 02:23:35','2012-08-08 16:42:51',NULL);
INSERT INTO "requests" VALUES(46,82,17674533,'Telling memories among southern women : domestic workers and their employers in the segregated South','Tucker, Susan.','Baton Rouge : Louisiana State University Press, 1988','DK',3,'2012-09-04',39878013800192,'2012-08-05 02:23:35','2012-08-15 16:47:13','2012-08-02');
INSERT INTO "requests" VALUES(47,83,13454924,'Dancing on my grave : an autobiography','Kirkland, Gelsey. Lawrence, Greg.','Garden City, N.Y. : Doubleday, 1986','PUL',6,'2012-09-10',39878007811213,'2012-08-05 02:23:35','2012-08-09 21:48:37','2012-08-01');
INSERT INTO "requests" VALUES(48,83,36961103,'Wasted : a memoir of anorexia and bulimia','Hornbacher, Marya.','New York, NY : New York, NY : 1998','PUL',6,'2012-09-01',39878007811015,'2012-08-05 02:23:35','2012-08-09 22:06:43','2012-08-02');
INSERT INTO "requests" VALUES(49,84,2571399,'Hell in a very small place : the siege of Dien Bien Phu','Fall, Bernard B.','Philadelphia : Lippincott, 1967','PUL',6,'2012-09-07',39878007811114,'2012-08-05 02:23:35','2012-08-17 21:56:12','2012-08-01');
INSERT INTO "requests" VALUES(50,84,49395804,'Operation vulture','Prados, John.','','PUL',6,'2012-09-01',39878006679199,'2012-08-05 02:23:35','2012-08-17 21:53:54','2012-08-01');
INSERT INTO "requests" VALUES(51,85,NULL,'A rite of passage : memoirs and letters home from WWII','McGuire, Cloyd.','','DK',3,NULL,NULL,'2012-08-07 22:11:16','2012-08-08 16:45:02','2012-08-01');
INSERT INTO "requests" VALUES(52,85,NULL,'To fly and flight : memoirs of a triple ace','Anderson, Clarence E.','','DK',3,NULL,NULL,'2012-08-07 22:12:43','2012-08-08 16:45:19','2012-08-01');
INSERT INTO "requests" VALUES(54,86,4805249,'Writing the novel from plot to print','Block, Lawrence.','Cincinnati : Writer''s Digest Books, 1979','PUL',6,'2012-09-12',39878007811320,'2012-08-08 01:39:36','2012-08-17 21:57:58','2012-08-06');
INSERT INTO "requests" VALUES(55,86,7820941,'Telling lies for fun & profit : a manual for fiction writers','Block, Lawrence.','New York : Arbor House, 1981','PUL',6,'2012-09-06',39878007811080,'2012-08-08 02:01:07','2012-08-17 21:54:54','2012-08-06');
INSERT INTO "requests" VALUES(56,86,13983459,'Write for your life : the book about the seminar','Block, Lawrence.','Ft Myers Beach, FL : Write For Your Life, 1986','PUL',6,'2012-08-29',39878006679272,'2012-08-08 19:42:07','2012-08-20 20:32:24','2012-08-06');
INSERT INTO "requests" VALUES(57,46,760322590,'The Rock the epic journet of Dwayne "The Rock" Johnson','Johnson, Dwayne.','[United States] : World Wrestling Entertainment : 2012','DK',3,'2012-08-31',39878013800184,'2012-08-08 19:55:05','2012-08-15 16:50:51','2012-08-07');
INSERT INTO "requests" VALUES(58,46,79834401,'All in the Family. The Complete Sixth Season [videorecording]','Lear, Norman.; Derman, Lou.','','DK',3,'2012-08-22',39878013800168,'2012-08-16 19:32:38','2012-08-22 19:52:32','2012-08-16');
INSERT INTO "requests" VALUES(59,46,53715861,'Child''s Play 3 [videorecording]','Mancini, Don.; Bender, Jack.;','','DK',3,'2012-09-07',39878013800218,'2012-08-16 19:33:54','2012-08-27 18:25:55','2012-08-16');
INSERT INTO "requests" VALUES(60,89,23973655,'Memories : the autobiography of Ralph Emery','Emery, Ralph.','Macmillan, 1991','PUL',6,'2012-09-20',39878007811452,'2012-08-17 20:22:12','2012-08-17 20:22:22','2012-08-15');
INSERT INTO "requests" VALUES(61,54,191090284,'Omega-3 cuisine : recipes for health and pleasure','Roettinger, Alan.','Books Alive, 2008','PUL',6,'2012-09-04',39878013803121,'2012-08-17 20:28:30','2012-08-17 20:28:30','2012-08-11');
INSERT INTO "requests" VALUES(62,54,729412766,'The ultimate kettlebell workbook','Randolph, Dave.','Ulysses Press, 2011','PUL',6,'2012-09-04',39878007811379,'2012-08-17 20:30:22','2012-08-17 20:30:22','2012-08-11');
INSERT INTO "requests" VALUES(63,54,165956933,'Anti-inflammatory foods for health','Rowe, Barara.','Fair Winds Press, 2008','PUL',6,NULL,NULL,'2012-08-17 20:36:16','2012-08-17 20:36:16','2012-08-11');
INSERT INTO "requests" VALUES(64,90,1614412,'The natural','Malamud, Bernard.','Harcourt Brace, 1952','PUL',6,NULL,NULL,'2012-08-17 20:39:56','2012-08-17 20:39:56','2012-08-13');
INSERT INTO "requests" VALUES(65,54,730414160,'The swing! : lose the fat and get fit with this revolutionary kettlebell program','Reifkind, Tracy','HarperOne, 2012','PUL',6,NULL,NULL,'2012-08-17 20:41:22','2012-08-17 20:41:22','2012-08-11');
INSERT INTO "requests" VALUES(66,86,18190610,'Spider, spin me a web : Lawrence Block on writing fiction','Block, Lawrence.','Writer''s Digest Books, 1988','PUL',6,NULL,NULL,'2012-08-17 20:49:13','2012-08-17 20:49:13','2012-08-04');
INSERT INTO "requests" VALUES(67,54,233485476,'The ultimate omega advantage','Tribole, Evelyn','Rodale, 2008','PUL',6,NULL,NULL,'2012-08-17 20:50:26','2012-08-17 20:50:26','2012-08-11');
INSERT INTO "requests" VALUES(68,91,44518255,'Silent warrior : the Marine sniper''s Vietnam story continues','Henderson, Charles.','Berkley Books, 2000','PUL',6,NULL,NULL,'2012-08-17 21:24:48','2012-08-17 21:24:48','2012-08-17');
INSERT INTO "requests" VALUES(69,90,23690875,'A whole other ball game : women''s literature on women''s sport','Sandoz, Joli','Carol Pub. Group, 1991','PUL',6,NULL,NULL,'2012-08-17 21:52:33','2012-08-17 21:52:43','2012-08-15');
INSERT INTO "requests" VALUES(70,83,24246928,'The third chimpanzee : the evolution and future of the human animal','Diamond, Jared M.','HarperCollins, 1992','PUL',6,'2012-09-14',39878006679330,'2012-08-20 20:51:33','2012-08-20 20:51:33','2012-08-08');
INSERT INTO "requests" VALUES(71,83,172314,'King Solomon''s ring; new light on animal ways','Lorenz, Konrad.','Crowell 1952','PUL',6,'2012-09-17',39878004509646,'2012-08-20 20:53:37','2012-08-20 20:53:37','2012-08-08');
INSERT INTO "requests" VALUES(72,54,647801604,'Kettlebells for dummies','Lurie, Sarah.','Wiley Pub., Inc., 2010','PUL',6,'2012-09-19',39878006679256,'2012-08-20 20:56:54','2012-08-20 21:03:47','2012-08-11');
INSERT INTO "requests" VALUES(73,54,213301274,'The top 100 omega-3 recipes : reduce your risk of heart disease, keep your brain active and agile','Deane, Audrey. ','Duncan Baird Publishers, 2009','PUL',6,'2012-09-19',39878007811460,'2012-08-20 21:02:57','2012-08-20 21:02:57','2012-08-08');
INSERT INTO "requests" VALUES(74,54,52773722,'Eating on the run','Tribole, Evelyn.','Human Kinetics, 2004','PUL',6,NULL,NULL,'2012-08-20 21:05:10','2012-08-20 21:05:10','2012-08-11');
INSERT INTO "requests" VALUES(75,54,43894423,'More healthy homestyle cooking : family favorites you''ll make again and again : 200 all-new recipe makeovers','Tribole, Evelyn.','Rodale, 2000','PUL',6,NULL,NULL,'2012-08-20 21:06:17','2012-08-20 21:06:17','2012-08-11');
INSERT INTO "requests" VALUES(76,87,37675736,'The Viking News','Wright, Rachel','','DK',3,'2012-09-12',39878013800200,'2012-08-20 21:21:39','2012-08-20 21:22:50','2012-08-08');
INSERT INTO "requests" VALUES(78,52,34894504,'The Beatles','Davies, Hunter.','','DK',3,'2012-09-25',39878013800242,'2012-08-30 20:34:21','2012-08-30 20:34:47','2012-08-26');
INSERT INTO "requests" VALUES(79,52,679936930,'The resurrection of Johnny Cash','Thomson, Graeme','','DK',3,'2012-04-10',39878013800382,'2012-08-31 19:32:03','2012-08-31 19:32:03',NULL);
CREATE UNIQUE INDEX "unique_schema_migrations" ON "schema_migrations" ("version");
COMMIT;
